symbol,sector_index,source
360ONE,nifty financial services,industry:Financial Services
AADHARHFC,nifty financial services,industry:Financial Services
AAVAS,nifty financial services,industry:Financial Services
ABB,nifty infrastructure,industry:Capital Goods
ABBOTINDIA,nifty pharma,member:ind_niftypharmalist
ABCAPITAL,nifty financial services,industry:Financial Services
ABDL,nifty fmcg,industry:Fast Moving Consumer Goods
ABREL,nifty realty,industry:Realty
ABSLAMC,nifty financial services,industry:Financial Services
ACC,nifty infrastructure,industry:Construction Materials
ACE,nifty infrastructure,industry:Capital Goods
ACMESOLAR,nifty energy,industry:Power
ACUTAAS,nifty healthcare index,industry:Healthcare
ADANIENSOL,nifty energy,industry:Power
ADANIENT,nifty metal,industry:Metals & Mining
ADANIGREEN,nifty energy,industry:Power
ADANIPORTS,nifty services sector,industry:Services
ADANIPOWER,nifty energy,industry:Power
AEGISLOG,nifty oil & gas,industry:Oil Gas & Consumable Fuels
AEGISVOPAK,nifty oil & gas,industry:Oil Gas & Consumable Fuels
AFCONS,nifty infrastructure,industry:Construction
AFFLE,nifty it,industry:Information Technology
AIAENG,nifty infrastructure,industry:Capital Goods
AIIL,nifty financial services,industry:Financial Services
AJANTPHARM,nifty pharma,member:ind_niftypharmalist
ALKEM,nifty pharma,member:ind_niftypharmalist
AMBER,nifty consumer durables,industry:Consumer Durables
AMBUJACEM,nifty infrastructure,industry:Construction Materials
ANANDRATHI,nifty financial services,industry:Financial Services
ANANTRAJ,nifty realty,industry:Realty
ANGELONE,nifty financial services,industry:Financial Services
ANTHEM,nifty healthcare index,industry:Healthcare
APARINDS,nifty infrastructure,industry:Capital Goods
APLAPOLLO,nifty infrastructure,industry:Capital Goods
APOLLOHOSP,nifty healthcare index,industry:Healthcare
APOLLOTYRE,nifty auto,industry:Automobile and Auto Components
APTUS,nifty financial services,industry:Financial Services
ARE&M,nifty auto,industry:Automobile and Auto Components
ASAHIINDIA,nifty auto,industry:Automobile and Auto Components
ASHOKLEY,nifty infrastructure,industry:Capital Goods
ASIANPAINT,nifty consumer durables,industry:Consumer Durables
ASTERDM,nifty healthcare index,industry:Healthcare
ASTRAL,nifty infrastructure,industry:Capital Goods
ATGL,nifty oil & gas,industry:Oil Gas & Consumable Fuels
ATHERENERG,nifty auto,industry:Automobile and Auto Components
AUBANK,nifty bank,member:ind_niftybanklist
AUROPHARMA,nifty pharma,member:ind_niftypharmalist
AWL,nifty fmcg,industry:Fast Moving Consumer Goods
AXISBANK,nifty private bank,member:ind_nifty_privatebanklist
BAJAJ-AUTO,nifty auto,industry:Automobile and Auto Components
BAJAJFINSV,nifty financial services,industry:Financial Services
BAJAJHFL,nifty financial services,industry:Financial Services
BAJAJHLDNG,nifty financial services,industry:Financial Services
BAJFINANCE,nifty financial services,industry:Financial Services
BALKRISIND,nifty auto,industry:Automobile and Auto Components
BALRAMCHIN,nifty fmcg,industry:Fast Moving Consumer Goods
BANDHANBNK,nifty private bank,member:ind_nifty_privatebanklist
BANKBARODA,nifty psu bank,member:ind_niftypsubanklist
BANKINDIA,nifty psu bank,member:ind_niftypsubanklist
BATAINDIA,nifty consumer durables,industry:Consumer Durables
BBTC,nifty fmcg,industry:Fast Moving Consumer Goods
BDL,nifty infrastructure,industry:Capital Goods
BEL,nifty infrastructure,industry:Capital Goods
BELRISE,nifty auto,industry:Automobile and Auto Components
BEML,nifty infrastructure,industry:Capital Goods
BERGEPAINT,nifty consumer durables,industry:Consumer Durables
BHARATFORG,nifty auto,industry:Automobile and Auto Components
BHARTIARTL,nifty infrastructure,industry:Telecommunication
BHARTIHEXA,nifty infrastructure,industry:Telecommunication
BHEL,nifty infrastructure,industry:Capital Goods
BIKAJI,nifty fmcg,industry:Fast Moving Consumer Goods
BIOCON,nifty pharma,member:ind_niftypharmalist
BLUEDART,nifty services sector,industry:Services
BLUEJET,nifty healthcare index,industry:Healthcare
BLUESTARCO,nifty consumer durables,industry:Consumer Durables
BOSCHLTD,nifty auto,industry:Automobile and Auto Components
BPCL,nifty oil & gas,industry:Oil Gas & Consumable Fuels
BRIGADE,nifty realty,industry:Realty
BRITANNIA,nifty fmcg,industry:Fast Moving Consumer Goods
BSE,nifty financial services,industry:Financial Services
BSOFT,nifty it,industry:Information Technology
CAMS,nifty financial services,industry:Financial Services
CANBK,nifty psu bank,member:ind_niftypsubanklist
CANFINHOME,nifty financial services,industry:Financial Services
CANHLIFE,nifty financial services,industry:Financial Services
CAPLIPOINT,nifty healthcare index,industry:Healthcare
CARBORUNIV,nifty infrastructure,industry:Capital Goods
CASTROLIND,nifty oil & gas,industry:Oil Gas & Consumable Fuels
CCL,nifty fmcg,industry:Fast Moving Consumer Goods
CDSL,nifty financial services,industry:Financial Services
CEATLTD,nifty auto,industry:Automobile and Auto Components
CEMPRO,nifty infrastructure,industry:Construction
CENTRALBK,nifty psu bank,member:ind_niftypsubanklist
CESC,nifty energy,industry:Power
CGCL,nifty financial services,industry:Financial Services
CGPOWER,nifty infrastructure,industry:Capital Goods
CHENNPETRO,nifty oil & gas,industry:Oil Gas & Consumable Fuels
CHOICEIN,nifty financial services,industry:Financial Services
CHOLAFIN,nifty financial services,industry:Financial Services
CHOLAHLDNG,nifty financial services,industry:Financial Services
CIEINDIA,nifty auto,industry:Automobile and Auto Components
CIPLA,nifty pharma,member:ind_niftypharmalist
COALINDIA,nifty oil & gas,industry:Oil Gas & Consumable Fuels
COCHINSHIP,nifty infrastructure,industry:Capital Goods
COFORGE,nifty it,industry:Information Technology
COHANCE,nifty healthcare index,industry:Healthcare
COLPAL,nifty fmcg,industry:Fast Moving Consumer Goods
CONCOR,nifty services sector,industry:Services
CONCORDBIO,nifty healthcare index,industry:Healthcare
CPPLUS,nifty infrastructure,industry:Capital Goods
CRAFTSMAN,nifty auto,industry:Automobile and Auto Components
CREDITACC,nifty financial services,industry:Financial Services
CRISIL,nifty financial services,industry:Financial Services
CROMPTON,nifty consumer durables,industry:Consumer Durables
CUB,nifty financial services,industry:Financial Services
CUMMINSIND,nifty infrastructure,industry:Capital Goods
CYIENT,nifty it,industry:Information Technology
DABUR,nifty fmcg,industry:Fast Moving Consumer Goods
DALBHARAT,nifty infrastructure,industry:Construction Materials
DATAPATTNS,nifty infrastructure,industry:Capital Goods
DELHIVERY,nifty services sector,industry:Services
DIVISLAB,nifty pharma,member:ind_niftypharmalist
DIXON,nifty consumer durables,industry:Consumer Durables
DLF,nifty realty,industry:Realty
DOMS,nifty fmcg,industry:Fast Moving Consumer Goods
DRREDDY,nifty pharma,member:ind_niftypharmalist
DUMMYHEG,nifty metal,industry:Metals & Mining
ECLERX,nifty services sector,industry:Services
EICHERMOT,nifty auto,industry:Automobile and Auto Components
EIDPARRY,nifty fmcg,industry:Fast Moving Consumer Goods
ELECON,nifty infrastructure,industry:Capital Goods
ELGIEQUIP,nifty infrastructure,industry:Capital Goods
EMAMILTD,nifty fmcg,industry:Fast Moving Consumer Goods
EMCURE,nifty healthcare index,industry:Healthcare
EMMVEE,nifty infrastructure,industry:Capital Goods
ENDURANCE,nifty auto,industry:Automobile and Auto Components
ENGINERSIN,nifty infrastructure,industry:Construction
ENRIN,nifty infrastructure,industry:Capital Goods
ERIS,nifty healthcare index,industry:Healthcare
ESCORTS,nifty infrastructure,industry:Capital Goods
EXIDEIND,nifty auto,industry:Automobile and Auto Components
FEDERALBNK,nifty private bank,member:ind_nifty_privatebanklist
FINCABLES,nifty infrastructure,industry:Capital Goods
FIVESTAR,nifty financial services,industry:Financial Services
FORCEMOT,nifty auto,industry:Automobile and Auto Components
FORTIS,nifty healthcare index,industry:Healthcare
FSL,nifty services sector,industry:Services
GABRIEL,nifty auto,industry:Automobile and Auto Components
GAIL,nifty oil & gas,industry:Oil Gas & Consumable Fuels
GALLANTT,nifty infrastructure,industry:Capital Goods
GESHIP,nifty services sector,industry:Services
GICRE,nifty financial services,industry:Financial Services
GILLETTE,nifty fmcg,industry:Fast Moving Consumer Goods
GLAND,nifty pharma,member:ind_niftypharmalist
GLAXO,nifty healthcare index,industry:Healthcare
GLENMARK,nifty pharma,member:ind_niftypharmalist
GMDCLTD,nifty metal,industry:Metals & Mining
GMRAIRPORT,nifty services sector,industry:Services
GODFRYPHLP,nifty fmcg,industry:Fast Moving Consumer Goods
GODIGIT,nifty financial services,industry:Financial Services
GODREJCP,nifty fmcg,industry:Fast Moving Consumer Goods
GODREJPROP,nifty realty,industry:Realty
GPIL,nifty infrastructure,industry:Capital Goods
GRANULES,nifty healthcare index,industry:Healthcare
GRAPHITE,nifty infrastructure,industry:Capital Goods
GRASIM,nifty infrastructure,industry:Construction Materials
GRAVITA,nifty metal,industry:Metals & Mining
GROWW,nifty financial services,industry:Financial Services
GRSE,nifty infrastructure,industry:Capital Goods
GVT&D,nifty infrastructure,industry:Capital Goods
HAL,nifty infrastructure,industry:Capital Goods
HAVELLS,nifty consumer durables,industry:Consumer Durables
HBLENGINE,nifty infrastructure,industry:Capital Goods
HCLTECH,nifty it,industry:Information Technology
HDBFS,nifty financial services,industry:Financial Services
HDFCAMC,nifty financial services,industry:Financial Services
HDFCBANK,nifty private bank,member:ind_nifty_privatebanklist
HDFCLIFE,nifty financial services,industry:Financial Services
HEGAM,nifty infrastructure,industry:Capital Goods
HEROMOTOCO,nifty auto,industry:Automobile and Auto Components
HEXT,nifty it,industry:Information Technology
HFCL,nifty infrastructure,industry:Telecommunication
HINDALCO,nifty metal,industry:Metals & Mining
HINDCOPPER,nifty metal,industry:Metals & Mining
HINDPETRO,nifty oil & gas,industry:Oil Gas & Consumable Fuels
HINDUNILVR,nifty fmcg,industry:Fast Moving Consumer Goods
HINDZINC,nifty metal,industry:Metals & Mining
HOMEFIRST,nifty financial services,industry:Financial Services
HONASA,nifty fmcg,industry:Fast Moving Consumer Goods
HONAUT,nifty infrastructure,industry:Capital Goods
HUDCO,nifty financial services,industry:Financial Services
HYUNDAI,nifty auto,industry:Automobile and Auto Components
ICICIAMC,nifty financial services,industry:Financial Services
ICICIBANK,nifty private bank,member:ind_nifty_privatebanklist
ICICIGI,nifty financial services,industry:Financial Services
ICICIPRULI,nifty financial services,industry:Financial Services
IDBI,nifty financial services,industry:Financial Services
IDEA,nifty infrastructure,industry:Telecommunication
IDFCFIRSTB,nifty private bank,member:ind_nifty_privatebanklist
IEX,nifty financial services,industry:Financial Services
IFCI,nifty financial services,industry:Financial Services
IGIL,nifty services sector,industry:Services
IGL,nifty oil & gas,industry:Oil Gas & Consumable Fuels
IIFL,nifty financial services,industry:Financial Services
IKS,nifty it,industry:Information Technology
INDGN,nifty healthcare index,industry:Healthcare
INDIACEM,nifty infrastructure,industry:Construction Materials
INDIANB,nifty psu bank,member:ind_niftypsubanklist
INDIGO,nifty services sector,industry:Services
INDUSINDBK,nifty private bank,member:ind_nifty_privatebanklist
INDUSTOWER,nifty infrastructure,industry:Telecommunication
INFY,nifty it,industry:Information Technology
INOXWIND,nifty infrastructure,industry:Capital Goods
INTELLECT,nifty it,industry:Information Technology
IOB,nifty psu bank,member:ind_niftypsubanklist
IOC,nifty oil & gas,industry:Oil Gas & Consumable Fuels
IPCALAB,nifty pharma,member:ind_niftypharmalist
IRB,nifty infrastructure,industry:Construction
IRCON,nifty infrastructure,industry:Construction
IREDA,nifty financial services,industry:Financial Services
IRFC,nifty financial services,industry:Financial Services
ITC,nifty fmcg,industry:Fast Moving Consumer Goods
ITI,nifty infrastructure,industry:Telecommunication
J&KBANK,nifty financial services,industry:Financial Services
JAINREC,nifty metal,industry:Metals & Mining
JBMA,nifty auto,industry:Automobile and Auto Components
JINDALSAW,nifty infrastructure,industry:Capital Goods
JINDALSTEL,nifty metal,industry:Metals & Mining
JIOFIN,nifty financial services,industry:Financial Services
JKCEMENT,nifty infrastructure,industry:Construction Materials
JKTYRE,nifty auto,industry:Automobile and Auto Components
JMFINANCIL,nifty financial services,industry:Financial Services
JPPOWER,nifty energy,industry:Power
JSL,nifty metal,industry:Metals & Mining
JSWCEMENT,nifty infrastructure,industry:Construction Materials
JSWDULUX,nifty consumer durables,industry:Consumer Durables
JSWENERGY,nifty energy,industry:Power
JSWINFRA,nifty services sector,industry:Services
JSWSTEEL,nifty metal,industry:Metals & Mining
JUBLPHARMA,nifty healthcare index,industry:Healthcare
JWL,nifty infrastructure,industry:Capital Goods
JYOTICNC,nifty infrastructure,industry:Capital Goods
KAJARIACER,nifty consumer durables,industry:Consumer Durables
KALYANKJIL,nifty consumer durables,industry:Consumer Durables
KARURVYSYA,nifty financial services,industry:Financial Services
KAYNES,nifty infrastructure,industry:Capital Goods
KEC,nifty infrastructure,industry:Construction
KEI,nifty infrastructure,industry:Capital Goods
KFINTECH,nifty financial services,industry:Financial Services
KIMS,nifty healthcare index,industry:Healthcare
KIRLOSENG,nifty infrastructure,industry:Capital Goods
KOTAKBANK,nifty private bank,member:ind_nifty_privatebanklist
KPIL,nifty infrastructure,industry:Construction
KPITTECH,nifty it,industry:Information Technology
LALPATHLAB,nifty healthcare index,industry:Healthcare
LATENTVIEW,nifty it,industry:Information Technology
LAURUSLABS,nifty pharma,member:ind_niftypharmalist
LGEINDIA,nifty consumer durables,industry:Consumer Durables
LICHSGFIN,nifty financial services,industry:Financial Services
LICI,nifty financial services,industry:Financial Services
LLOYDSME,nifty metal,industry:Metals & Mining
LODHA,nifty realty,industry:Realty
LT,nifty infrastructure,industry:Construction
LTF,nifty financial services,industry:Financial Services
LTFOODS,nifty fmcg,industry:Fast Moving Consumer Goods
LTM,nifty it,industry:Information Technology
LTTS,nifty it,industry:Information Technology
LUPIN,nifty pharma,member:ind_niftypharmalist
M&M,nifty auto,industry:Automobile and Auto Components
M&MFIN,nifty financial services,industry:Financial Services
MAHABANK,nifty psu bank,member:ind_niftypsubanklist
MANAPPURAM,nifty financial services,industry:Financial Services
MANKIND,nifty pharma,member:ind_niftypharmalist
MAPMYINDIA,nifty it,industry:Information Technology
MARICO,nifty fmcg,industry:Fast Moving Consumer Goods
MARUTI,nifty auto,industry:Automobile and Auto Components
MAXHEALTH,nifty healthcare index,industry:Healthcare
MAZDOCK,nifty infrastructure,industry:Capital Goods
MCX,nifty financial services,industry:Financial Services
MEDANTA,nifty healthcare index,industry:Healthcare
MFSL,nifty financial services,industry:Financial Services
MGL,nifty oil & gas,industry:Oil Gas & Consumable Fuels
MINDACORP,nifty auto,industry:Automobile and Auto Components
MMTC,nifty services sector,industry:Services
MOTHERSON,nifty auto,industry:Automobile and Auto Components
MOTILALOFS,nifty financial services,industry:Financial Services
MPHASIS,nifty it,industry:Information Technology
MRF,nifty auto,industry:Automobile and Auto Components
MRPL,nifty oil & gas,industry:Oil Gas & Consumable Fuels
MSUMI,nifty auto,industry:Automobile and Auto Components
MUTHOOTFIN,nifty financial services,industry:Financial Services
NAM-INDIA,nifty financial services,industry:Financial Services
NATCOPHARM,nifty healthcare index,industry:Healthcare
NATIONALUM,nifty metal,industry:Metals & Mining
NAVA,nifty energy,industry:Power
NBCC,nifty infrastructure,industry:Construction
NCC,nifty infrastructure,industry:Construction
NESTLEIND,nifty fmcg,industry:Fast Moving Consumer Goods
NETWEB,nifty it,industry:Information Technology
NEULANDLAB,nifty healthcare index,industry:Healthcare
NEWGEN,nifty it,industry:Information Technology
NH,nifty healthcare index,industry:Healthcare
NHPC,nifty energy,industry:Power
NIACL,nifty financial services,industry:Financial Services
NIVABUPA,nifty financial services,industry:Financial Services
NLCINDIA,nifty energy,industry:Power
NMDC,nifty metal,industry:Metals & Mining
NSLNISP,nifty metal,industry:Metals & Mining
NTPC,nifty energy,industry:Power
NTPCGREEN,nifty energy,industry:Power
NUVAMA,nifty financial services,industry:Financial Services
NUVOCO,nifty infrastructure,industry:Construction Materials
OBEROIRLTY,nifty realty,industry:Realty
OFSS,nifty it,industry:Information Technology
OIL,nifty oil & gas,industry:Oil Gas & Consumable Fuels
OLAELEC,nifty auto,industry:Automobile and Auto Components
OLECTRA,nifty auto,industry:Automobile and Auto Components
ONESOURCE,nifty healthcare index,industry:Healthcare
ONGC,nifty oil & gas,industry:Oil Gas & Consumable Fuels
PATANJALI,nifty fmcg,industry:Fast Moving Consumer Goods
PAYTM,nifty financial services,industry:Financial Services
PERSISTENT,nifty it,industry:Information Technology
PETRONET,nifty oil & gas,industry:Oil Gas & Consumable Fuels
PFC,nifty financial services,industry:Financial Services
PFIZER,nifty healthcare index,industry:Healthcare
PFOCUS,nifty media,industry:Media Entertainment & Publication
PGEL,nifty consumer durables,industry:Consumer Durables
PHOENIXLTD,nifty realty,industry:Realty
PINELABS,nifty financial services,industry:Financial Services
PIRAMALFIN,nifty financial services,industry:Financial Services
PNB,nifty psu bank,member:ind_niftypsubanklist
PNBHOUSING,nifty financial services,industry:Financial Services
POLICYBZR,nifty financial services,industry:Financial Services
POLYCAB,nifty infrastructure,industry:Capital Goods
POLYMED,nifty healthcare index,industry:Healthcare
POONAWALLA,nifty financial services,industry:Financial Services
POWERGRID,nifty energy,industry:Power
POWERINDIA,nifty infrastructure,industry:Capital Goods
PPLPHARMA,nifty pharma,member:ind_niftypharmalist
PREMIERENE,nifty infrastructure,industry:Capital Goods
PRESTIGE,nifty realty,industry:Realty
PSB,nifty psu bank,member:ind_niftypsubanklist
PTCIL,nifty infrastructure,industry:Capital Goods
PVRINOX,nifty media,industry:Media Entertainment & Publication
RADICO,nifty fmcg,industry:Fast Moving Consumer Goods
RAILTEL,nifty infrastructure,industry:Telecommunication
RAINBOW,nifty healthcare index,industry:Healthcare
RAMCOCEM,nifty infrastructure,industry:Construction Materials
RBLBANK,nifty private bank,member:ind_nifty_privatebanklist
RECLTD,nifty financial services,industry:Financial Services
REDINGTON,nifty services sector,industry:Services
RELIANCE,nifty oil & gas,industry:Oil Gas & Consumable Fuels
RHIM,nifty infrastructure,industry:Capital Goods
RITES,nifty infrastructure,industry:Construction
RKFORGE,nifty auto,industry:Automobile and Auto Components
RPOWER,nifty energy,industry:Power
RRKABEL,nifty infrastructure,industry:Capital Goods
RVNL,nifty infrastructure,industry:Construction
SAGILITY,nifty it,industry:Information Technology
SAIL,nifty metal,industry:Metals & Mining
SAILIFE,nifty pharma,member:ind_niftypharmalist
SAMMAANCAP,nifty financial services,industry:Financial Services
SARDAEN,nifty metal,industry:Metals & Mining
SAREGAMA,nifty media,industry:Media Entertainment & Publication
SBFC,nifty financial services,industry:Financial Services
SBICARD,nifty financial services,industry:Financial Services
SBILIFE,nifty financial services,industry:Financial Services
SBIN,nifty psu bank,member:ind_niftypsubanklist
SCHAEFFLER,nifty auto,industry:Automobile and Auto Components
SCHNEIDER,nifty infrastructure,industry:Capital Goods
SCI,nifty services sector,industry:Services
SHREECEM,nifty infrastructure,industry:Construction Materials
SHRIRAMFIN,nifty financial services,industry:Financial Services
SHYAMMETL,nifty infrastructure,industry:Capital Goods
SIEMENS,nifty infrastructure,industry:Capital Goods
SIGNATURE,nifty realty,industry:Realty
SJVN,nifty energy,industry:Power
SOBHA,nifty realty,industry:Realty
SONACOMS,nifty auto,industry:Automobile and Auto Components
SONATSOFTW,nifty it,industry:Information Technology
STARHEALTH,nifty financial services,industry:Financial Services
SUNDARMFIN,nifty financial services,industry:Financial Services
SUNPHARMA,nifty pharma,member:ind_niftypharmalist
SUNTV,nifty media,industry:Media Entertainment & Publication
SUPREMEIND,nifty infrastructure,industry:Capital Goods
SUZLON,nifty infrastructure,industry:Capital Goods
SYNGENE,nifty healthcare index,industry:Healthcare
SYRMA,nifty infrastructure,industry:Capital Goods
TARIL,nifty infrastructure,industry:Capital Goods
TATACAP,nifty financial services,industry:Financial Services
TATACOMM,nifty infrastructure,industry:Telecommunication
TATACONSUM,nifty fmcg,industry:Fast Moving Consumer Goods
TATAELXSI,nifty it,industry:Information Technology
TATAINVEST,nifty financial services,industry:Financial Services
TATAPOWER,nifty energy,industry:Power
TATASTEEL,nifty metal,industry:Metals & Mining
TATATECH,nifty it,industry:Information Technology
TCS,nifty it,industry:Information Technology
TECHM,nifty it,industry:Information Technology
TECHNOE,nifty infrastructure,industry:Construction
TEGA,nifty infrastructure,industry:Capital Goods
TEJASNET,nifty infrastructure,industry:Telecommunication
TENNIND,nifty auto,industry:Automobile and Auto Components
THERMAX,nifty infrastructure,industry:Capital Goods
TIINDIA,nifty auto,industry:Automobile and Auto Components
TIMKEN,nifty infrastructure,industry:Capital Goods
TITAGARH,nifty infrastructure,industry:Capital Goods
TITAN,nifty consumer durables,industry:Consumer Durables
TMCV,nifty infrastructure,industry:Capital Goods
TMPV,nifty auto,industry:Automobile and Auto Components
TORNTPHARM,nifty pharma,member:ind_niftypharmalist
TORNTPOWER,nifty energy,industry:Power
TRITURBINE,nifty infrastructure,industry:Capital Goods
TTML,nifty infrastructure,industry:Telecommunication
TVSMOTOR,nifty auto,industry:Automobile and Auto Components
UBL,nifty fmcg,industry:Fast Moving Consumer Goods
UCOBANK,nifty psu bank,member:ind_niftypsubanklist
ULTRACEMCO,nifty infrastructure,industry:Construction Materials
UNIONBANK,nifty psu bank,member:ind_niftypsubanklist
UNITDSPR,nifty fmcg,industry:Fast Moving Consumer Goods
UNOMINDA,nifty auto,industry:Automobile and Auto Components
USHAMART,nifty infrastructure,industry:Capital Goods
UTIAMC,nifty financial services,industry:Financial Services
VBL,nifty fmcg,industry:Fast Moving Consumer Goods
VEDL,nifty metal,industry:Metals & Mining
VIJAYA,nifty healthcare index,industry:Healthcare
VOLTAS,nifty consumer durables,industry:Consumer Durables
WAAREEENER,nifty infrastructure,industry:Capital Goods
WELCORP,nifty infrastructure,industry:Capital Goods
WHIRLPOOL,nifty consumer durables,industry:Consumer Durables
WIPRO,nifty it,industry:Information Technology
WOCKPHARMA,nifty pharma,member:ind_niftypharmalist
YESBANK,nifty private bank,member:ind_nifty_privatebanklist
ZEEL,nifty media,industry:Media Entertainment & Publication
ZENSARTECH,nifty it,industry:Information Technology
ZENTEC,nifty infrastructure,industry:Capital Goods
ZFCVINDIA,nifty auto,industry:Automobile and Auto Components
ZYDUSLIFE,nifty pharma,member:ind_niftypharmalist
ZYDUSWELL,nifty fmcg,industry:Fast Moving Consumer Goods
